{

    "user message":[
        {
            "sender":"user"
            ,"text":"h"
        }
            ,
            {
                "sender":"bot"
                ,
                "text":"Hello! How can I assist you today?"
            }
                ,
                {
                    "sender":"user","text":"سلام"
                }
                ,
                {
                    "sender":"bot"
                    ,
                    "text":"سلام! چطور می‌تونم به شما کمک کنم؟"
                }
                    ,
                    {
                        "sender":"user"
                        ,
                        "text":"گرمر present prefect  و توضیح بده"
                    }
                        ,
                        {
                            "sender":"bot"
                            ,
                            "text":"Present perfect در گرامر انگلیسی برای بیان یک عمل یا وضعیتی استفاده می‌شود که در گذشته شروع شده و تا زمان حال ادامه داشته و یا کامل شده‌است. جملات در این زمان با استفاده از فعل کمکی \"have/has\" به همراه شکل سوم فعل اصلی ساخته می‌شوند. به عنوان مثال:\n\n- I have worked here for five years. (من پنج سال است که در اینجا کار می‌کنم)\n- She has visited Paris twice. (او دو بار پاریس را بازدید کرده است)\n- They haven't finished their homework yet. (آنها هنوز تکالیفشان را تمام نکرده‌اند)\n\nهمچنین می‌توانید Present perfect برای بیان تجربیات گذشته نیز استفاده کنید:\n\n- Have you ever been to New York? (تا حالا به نیویورک رفته‌اید؟)\n- Yes, I have been there once. (بله، یک بار رفته‌ام)\n\nدر اینجا همچنین قابل ذکر است که در جملات منفی شکل منفی \"not\" قبل از فعل کمکی قرار می‌گیرد.\n\nامیدوارم توضیحاتم مفید بوده باشد. در صورت وجود هرگونه سوال دیگری، من در خدمت شما هستم."
                        }
                            ,
                            {
                                "sender":"user"
                                ,
                                "text":"گرمر past prefect همراه با فرمولش توضیح بده"
                            }
                                ,
                                {
                                    "sender":"bot"
                                    ,
                                    "text":"گرامر Past Perfect یک زمان گذشته است که برای بیان یک عمل که قبل از عمل دیگری در گذشته اتفاق افتاده استفاده می‌شود. بیشترین استفاده از این زمان در داستان‌های گذشته و شرح یا توصیف وقایع است. فرمول زمان Past Perfect ساده است، که با استفاده از فعل کمکی \"had\" به همراه صیغه سوم فعل اصلی تشکیل می‌شود.\n\nفرمول زمان Past Perfect:\nSubject + had + past participle of verb\n\nبرای مثال:\n\n- She had already finished her homework when her friends came over.\n(او قبلاً وقتی دوستانش سر میزی زدند، تمام تکالیف خود را انجام داده بود.)\n\n- They had lived in that house for five years before they decided to move.\n(آن‌ها پنج سال در آن خانه زندگی کرده بودند، قبل از اینکه تصمیم به جابجایی بگیرند.)\n\n- By the time we arrived at the cinema, the movie had already started.\n(وقتی که به سینما رسیدیم، فیلم قبلاً شروع شده بود.)"
                                }
        ]0
}
,
{
    "
    _grecaptcha"[
        {
            "key":"09AP5ubKc_JLhwO_hi4zQyGvVUEcqMFplVP4CZ7zpZSrwR87HtCvD6CZJEyFUiPiVThjPL07SuKdMwKw5fwFhh2aR6X0-hRVkkqTwSMA"
        }
    ]
},
{
    "sc_medium_source":[
        {
            "valu":"{d:1691318821}"
        }
    ]
}
,
{
    "statcounter.com/localstorage/":[
        {
            "database pass":"rx9692532.1691318821.5E801600968B4F72F8CB28065E13D81F.1.1.1.1.1.1.1.1.1"
        }
    ]
}
,
{

}